"Playlist ID:","9f0a94ff-7129-48c2-9eea-73908aa5b38d","Playlist Name:","All Songs","Date Created:","Sun Oct 22 19:37:17 CDT 2017","Song ID's:","b2cc60a9-6172-4f44-acd0-0261b8b682a0","c28b093c-0245-4de0-9a91-a069a4ae1655","11b35eab-a5e9-4068-8049-5f66a3ca59fd","0c947f33-8a2f-408d-9560-1a8812865b31","a5bb8e42-9e3b-4c66-a24b-d7a70a80aec3","6f009fc7-8ab5-4e41-b870-67c472ad8662","43002f81-af87-4686-baa5-698de1f9ed85","238f8d17-f6db-4a5a-b7a0-8ba6023dfe52","77822265-5934-4c9d-8083-431fabbed765","01ac6b16-48e3-47bf-8fa2-f7e2ba90f5dc","226faec5-9bf4-4749-8fd2-c2854965d404","665a2398-e169-47cc-94bb-3b3a785d2dd9","ca07b908-02f2-4b59-9474-9e3144da60ba","a373cc61-bcd0-45e1-b4bc-5055422c0dc6","696cecf9-9bfc-43b9-9681-0c664a8a388f","82f14fdd-2c21-4bde-bd9f-3cdf0bd85dc4","b8aba515-20c5-408f-87b8-78b4cb1b404f","111e83d7-774e-43ea-94a9-2848cbd765da","a009c4db-ed11-43db-9802-05201a61ce39","c3b402f6-4f8d-4f12-aedb-0d54859fb35b","2c5e5607-34a8-4b90-9fc3-75e84e19fcf9","9cbac447-5ec6-459c-8609-8749924f3593","e1db8b33-526c-439e-ab78-c4043c046b4e"
"Playlist ID:","29d80a12-c2f7-4bdd-9e98-4ba662a0a108","Playlist Name:","null","Date Created:","Sun Oct 22 19:38:51 CDT 2017","Song ID's:"
"Playlist ID:","776a73ac-cfef-45df-8cb1-e6e190205f18","Playlist Name:","null","Date Created:","Sun Oct 22 19:38:51 CDT 2017","Song ID's:"
"Playlist ID:","dddbac02-02ea-4b5b-b57d-72aed233b26a","Playlist Name:","All Songs","Date Created:","Sun Oct 22 19:41:49 CDT 2017","Song ID's:","b2cc60a9-6172-4f44-acd0-0261b8b682a0","c28b093c-0245-4de0-9a91-a069a4ae1655","11b35eab-a5e9-4068-8049-5f66a3ca59fd","0c947f33-8a2f-408d-9560-1a8812865b31","a5bb8e42-9e3b-4c66-a24b-d7a70a80aec3","6f009fc7-8ab5-4e41-b870-67c472ad8662","43002f81-af87-4686-baa5-698de1f9ed85","238f8d17-f6db-4a5a-b7a0-8ba6023dfe52","77822265-5934-4c9d-8083-431fabbed765","01ac6b16-48e3-47bf-8fa2-f7e2ba90f5dc","226faec5-9bf4-4749-8fd2-c2854965d404","665a2398-e169-47cc-94bb-3b3a785d2dd9","ca07b908-02f2-4b59-9474-9e3144da60ba","a373cc61-bcd0-45e1-b4bc-5055422c0dc6","696cecf9-9bfc-43b9-9681-0c664a8a388f","82f14fdd-2c21-4bde-bd9f-3cdf0bd85dc4","b8aba515-20c5-408f-87b8-78b4cb1b404f","111e83d7-774e-43ea-94a9-2848cbd765da","a009c4db-ed11-43db-9802-05201a61ce39","c3b402f6-4f8d-4f12-aedb-0d54859fb35b","2c5e5607-34a8-4b90-9fc3-75e84e19fcf9","9cbac447-5ec6-459c-8609-8749924f3593","e1db8b33-526c-439e-ab78-c4043c046b4e"
"Playlist ID:","5f107193-b9d4-4107-920b-b09ef5e08c46","Playlist Name:","null","Date Created:","Sun Oct 22 19:41:52 CDT 2017","Song ID's:"
"Playlist ID:","33d27a36-321f-4a15-9fe2-6b5e7145073d","Playlist Name:","All Songs","Date Created:","Sun Oct 22 19:44:06 CDT 2017","Song ID's:","b2cc60a9-6172-4f44-acd0-0261b8b682a0","c28b093c-0245-4de0-9a91-a069a4ae1655","11b35eab-a5e9-4068-8049-5f66a3ca59fd","0c947f33-8a2f-408d-9560-1a8812865b31","a5bb8e42-9e3b-4c66-a24b-d7a70a80aec3","6f009fc7-8ab5-4e41-b870-67c472ad8662","43002f81-af87-4686-baa5-698de1f9ed85","238f8d17-f6db-4a5a-b7a0-8ba6023dfe52","77822265-5934-4c9d-8083-431fabbed765","01ac6b16-48e3-47bf-8fa2-f7e2ba90f5dc","226faec5-9bf4-4749-8fd2-c2854965d404","665a2398-e169-47cc-94bb-3b3a785d2dd9","ca07b908-02f2-4b59-9474-9e3144da60ba","a373cc61-bcd0-45e1-b4bc-5055422c0dc6","696cecf9-9bfc-43b9-9681-0c664a8a388f","82f14fdd-2c21-4bde-bd9f-3cdf0bd85dc4","b8aba515-20c5-408f-87b8-78b4cb1b404f","111e83d7-774e-43ea-94a9-2848cbd765da","a009c4db-ed11-43db-9802-05201a61ce39","c3b402f6-4f8d-4f12-aedb-0d54859fb35b","2c5e5607-34a8-4b90-9fc3-75e84e19fcf9","9cbac447-5ec6-459c-8609-8749924f3593","e1db8b33-526c-439e-ab78-c4043c046b4e"
"Playlist ID:","cb9f5595-825a-4e67-80ab-8da74c8f0402","Playlist Name:","null","Date Created:","Sun Oct 22 19:44:07 CDT 2017","Song ID's:"
"Playlist ID:","c15201fc-0303-4c50-8528-b93fe9750486","Playlist Name:","All Songs","Date Created:","Sun Oct 22 19:46:43 CDT 2017","Song ID's:","b2cc60a9-6172-4f44-acd0-0261b8b682a0","c28b093c-0245-4de0-9a91-a069a4ae1655","11b35eab-a5e9-4068-8049-5f66a3ca59fd","0c947f33-8a2f-408d-9560-1a8812865b31","a5bb8e42-9e3b-4c66-a24b-d7a70a80aec3","6f009fc7-8ab5-4e41-b870-67c472ad8662","43002f81-af87-4686-baa5-698de1f9ed85","238f8d17-f6db-4a5a-b7a0-8ba6023dfe52","77822265-5934-4c9d-8083-431fabbed765","01ac6b16-48e3-47bf-8fa2-f7e2ba90f5dc","226faec5-9bf4-4749-8fd2-c2854965d404","665a2398-e169-47cc-94bb-3b3a785d2dd9","ca07b908-02f2-4b59-9474-9e3144da60ba","a373cc61-bcd0-45e1-b4bc-5055422c0dc6","696cecf9-9bfc-43b9-9681-0c664a8a388f","82f14fdd-2c21-4bde-bd9f-3cdf0bd85dc4","b8aba515-20c5-408f-87b8-78b4cb1b404f","111e83d7-774e-43ea-94a9-2848cbd765da","a009c4db-ed11-43db-9802-05201a61ce39","c3b402f6-4f8d-4f12-aedb-0d54859fb35b","2c5e5607-34a8-4b90-9fc3-75e84e19fcf9","9cbac447-5ec6-459c-8609-8749924f3593","e1db8b33-526c-439e-ab78-c4043c046b4e"
"Playlist ID:","9dd4cc8e-8d34-4614-898b-e572349e81a8","Playlist Name:","null","Date Created:","Sun Oct 22 19:46:44 CDT 2017","Song ID's:"
"Playlist ID:","484be454-f111-43eb-a29c-1e6894cc8c0d","Playlist Name:","All Songs","Date Created:","Sun Oct 22 19:47:30 CDT 2017","Song ID's:","b2cc60a9-6172-4f44-acd0-0261b8b682a0","c28b093c-0245-4de0-9a91-a069a4ae1655","11b35eab-a5e9-4068-8049-5f66a3ca59fd","0c947f33-8a2f-408d-9560-1a8812865b31","a5bb8e42-9e3b-4c66-a24b-d7a70a80aec3","6f009fc7-8ab5-4e41-b870-67c472ad8662","43002f81-af87-4686-baa5-698de1f9ed85","238f8d17-f6db-4a5a-b7a0-8ba6023dfe52","77822265-5934-4c9d-8083-431fabbed765","01ac6b16-48e3-47bf-8fa2-f7e2ba90f5dc","226faec5-9bf4-4749-8fd2-c2854965d404","665a2398-e169-47cc-94bb-3b3a785d2dd9","ca07b908-02f2-4b59-9474-9e3144da60ba","a373cc61-bcd0-45e1-b4bc-5055422c0dc6","696cecf9-9bfc-43b9-9681-0c664a8a388f","82f14fdd-2c21-4bde-bd9f-3cdf0bd85dc4","b8aba515-20c5-408f-87b8-78b4cb1b404f","111e83d7-774e-43ea-94a9-2848cbd765da","a009c4db-ed11-43db-9802-05201a61ce39","c3b402f6-4f8d-4f12-aedb-0d54859fb35b","2c5e5607-34a8-4b90-9fc3-75e84e19fcf9","9cbac447-5ec6-459c-8609-8749924f3593","e1db8b33-526c-439e-ab78-c4043c046b4e"
"Playlist ID:","fe86f8c0-e435-41c1-a3dd-c8681ae377a1","Playlist Name:","null","Date Created:","Sun Oct 22 19:47:32 CDT 2017","Song ID's:"
"Playlist ID:","0f124394-6d29-45d2-8af1-b39c1eab1b06","Playlist Name:","All Songs","Date Created:","Sun Oct 22 19:50:26 CDT 2017","Song ID's:","b2cc60a9-6172-4f44-acd0-0261b8b682a0","c28b093c-0245-4de0-9a91-a069a4ae1655","11b35eab-a5e9-4068-8049-5f66a3ca59fd","0c947f33-8a2f-408d-9560-1a8812865b31","a5bb8e42-9e3b-4c66-a24b-d7a70a80aec3","6f009fc7-8ab5-4e41-b870-67c472ad8662","43002f81-af87-4686-baa5-698de1f9ed85","238f8d17-f6db-4a5a-b7a0-8ba6023dfe52","77822265-5934-4c9d-8083-431fabbed765","01ac6b16-48e3-47bf-8fa2-f7e2ba90f5dc","226faec5-9bf4-4749-8fd2-c2854965d404","665a2398-e169-47cc-94bb-3b3a785d2dd9","ca07b908-02f2-4b59-9474-9e3144da60ba","a373cc61-bcd0-45e1-b4bc-5055422c0dc6","696cecf9-9bfc-43b9-9681-0c664a8a388f","82f14fdd-2c21-4bde-bd9f-3cdf0bd85dc4","b8aba515-20c5-408f-87b8-78b4cb1b404f","111e83d7-774e-43ea-94a9-2848cbd765da","a009c4db-ed11-43db-9802-05201a61ce39","c3b402f6-4f8d-4f12-aedb-0d54859fb35b","2c5e5607-34a8-4b90-9fc3-75e84e19fcf9","9cbac447-5ec6-459c-8609-8749924f3593","e1db8b33-526c-439e-ab78-c4043c046b4e"
"Playlist ID:","afabcce5-99e2-463f-838c-257aae3a56d9","Playlist Name:","null","Date Created:","Sun Oct 22 19:50:27 CDT 2017","Song ID's:"
"Playlist ID:","1d8bf1f3-af64-4d8c-bb5f-50202d76ae72","Playlist Name:","All Songs","Date Created:","Sun Oct 22 19:51:35 CDT 2017","Song ID's:","b2cc60a9-6172-4f44-acd0-0261b8b682a0","c28b093c-0245-4de0-9a91-a069a4ae1655","11b35eab-a5e9-4068-8049-5f66a3ca59fd","0c947f33-8a2f-408d-9560-1a8812865b31","a5bb8e42-9e3b-4c66-a24b-d7a70a80aec3","6f009fc7-8ab5-4e41-b870-67c472ad8662","43002f81-af87-4686-baa5-698de1f9ed85","238f8d17-f6db-4a5a-b7a0-8ba6023dfe52","77822265-5934-4c9d-8083-431fabbed765","01ac6b16-48e3-47bf-8fa2-f7e2ba90f5dc","226faec5-9bf4-4749-8fd2-c2854965d404","665a2398-e169-47cc-94bb-3b3a785d2dd9","ca07b908-02f2-4b59-9474-9e3144da60ba","a373cc61-bcd0-45e1-b4bc-5055422c0dc6","696cecf9-9bfc-43b9-9681-0c664a8a388f","82f14fdd-2c21-4bde-bd9f-3cdf0bd85dc4","b8aba515-20c5-408f-87b8-78b4cb1b404f","111e83d7-774e-43ea-94a9-2848cbd765da","a009c4db-ed11-43db-9802-05201a61ce39","c3b402f6-4f8d-4f12-aedb-0d54859fb35b","2c5e5607-34a8-4b90-9fc3-75e84e19fcf9","9cbac447-5ec6-459c-8609-8749924f3593","e1db8b33-526c-439e-ab78-c4043c046b4e"
"Playlist ID:","dfbefa82-a680-46ea-84fa-98ea72e11ad0","Playlist Name:","null","Date Created:","Sun Oct 22 19:51:37 CDT 2017","Song ID's:"
"Playlist ID:","bc175140-b162-41e8-ab79-584373782ea1","Playlist Name:","All Songs","Date Created:","Sun Oct 22 19:52:01 CDT 2017","Song ID's:","b2cc60a9-6172-4f44-acd0-0261b8b682a0","c28b093c-0245-4de0-9a91-a069a4ae1655","11b35eab-a5e9-4068-8049-5f66a3ca59fd","0c947f33-8a2f-408d-9560-1a8812865b31","a5bb8e42-9e3b-4c66-a24b-d7a70a80aec3","6f009fc7-8ab5-4e41-b870-67c472ad8662","43002f81-af87-4686-baa5-698de1f9ed85","238f8d17-f6db-4a5a-b7a0-8ba6023dfe52","77822265-5934-4c9d-8083-431fabbed765","01ac6b16-48e3-47bf-8fa2-f7e2ba90f5dc","226faec5-9bf4-4749-8fd2-c2854965d404","665a2398-e169-47cc-94bb-3b3a785d2dd9","ca07b908-02f2-4b59-9474-9e3144da60ba","a373cc61-bcd0-45e1-b4bc-5055422c0dc6","696cecf9-9bfc-43b9-9681-0c664a8a388f","82f14fdd-2c21-4bde-bd9f-3cdf0bd85dc4","b8aba515-20c5-408f-87b8-78b4cb1b404f","111e83d7-774e-43ea-94a9-2848cbd765da","a009c4db-ed11-43db-9802-05201a61ce39","c3b402f6-4f8d-4f12-aedb-0d54859fb35b","2c5e5607-34a8-4b90-9fc3-75e84e19fcf9","9cbac447-5ec6-459c-8609-8749924f3593","e1db8b33-526c-439e-ab78-c4043c046b4e"
"Playlist ID:","fa37cdd7-c78a-4cf7-a278-10c2ebf85942","Playlist Name:","null","Date Created:","Sun Oct 22 19:52:03 CDT 2017","Song ID's:"
"Playlist ID:","6d7f0641-4b97-460e-979b-87a867727c3d","Playlist Name:","All Songs","Date Created:","Sun Oct 22 19:55:28 CDT 2017","Song ID's:","b2cc60a9-6172-4f44-acd0-0261b8b682a0","c28b093c-0245-4de0-9a91-a069a4ae1655","11b35eab-a5e9-4068-8049-5f66a3ca59fd","0c947f33-8a2f-408d-9560-1a8812865b31","a5bb8e42-9e3b-4c66-a24b-d7a70a80aec3","6f009fc7-8ab5-4e41-b870-67c472ad8662","43002f81-af87-4686-baa5-698de1f9ed85","238f8d17-f6db-4a5a-b7a0-8ba6023dfe52","77822265-5934-4c9d-8083-431fabbed765","01ac6b16-48e3-47bf-8fa2-f7e2ba90f5dc","226faec5-9bf4-4749-8fd2-c2854965d404","665a2398-e169-47cc-94bb-3b3a785d2dd9","ca07b908-02f2-4b59-9474-9e3144da60ba","a373cc61-bcd0-45e1-b4bc-5055422c0dc6","696cecf9-9bfc-43b9-9681-0c664a8a388f","82f14fdd-2c21-4bde-bd9f-3cdf0bd85dc4","b8aba515-20c5-408f-87b8-78b4cb1b404f","111e83d7-774e-43ea-94a9-2848cbd765da","a009c4db-ed11-43db-9802-05201a61ce39","c3b402f6-4f8d-4f12-aedb-0d54859fb35b","2c5e5607-34a8-4b90-9fc3-75e84e19fcf9","9cbac447-5ec6-459c-8609-8749924f3593","e1db8b33-526c-439e-ab78-c4043c046b4e"
"Playlist ID:","1c6392ea-a0c2-44c4-9d20-6de3ad6784d6","Playlist Name:","null","Date Created:","Sun Oct 22 19:55:31 CDT 2017","Song ID's:"
"Playlist ID:","bd3407fe-57af-41e4-95a4-0cfa5b53d47b","Playlist Name:","All Songs","Date Created:","Sun Oct 22 19:58:06 CDT 2017","Song ID's:","b2cc60a9-6172-4f44-acd0-0261b8b682a0","c28b093c-0245-4de0-9a91-a069a4ae1655","11b35eab-a5e9-4068-8049-5f66a3ca59fd","0c947f33-8a2f-408d-9560-1a8812865b31","a5bb8e42-9e3b-4c66-a24b-d7a70a80aec3","6f009fc7-8ab5-4e41-b870-67c472ad8662","43002f81-af87-4686-baa5-698de1f9ed85","238f8d17-f6db-4a5a-b7a0-8ba6023dfe52","77822265-5934-4c9d-8083-431fabbed765","01ac6b16-48e3-47bf-8fa2-f7e2ba90f5dc","226faec5-9bf4-4749-8fd2-c2854965d404","665a2398-e169-47cc-94bb-3b3a785d2dd9","ca07b908-02f2-4b59-9474-9e3144da60ba","a373cc61-bcd0-45e1-b4bc-5055422c0dc6","696cecf9-9bfc-43b9-9681-0c664a8a388f","82f14fdd-2c21-4bde-bd9f-3cdf0bd85dc4","b8aba515-20c5-408f-87b8-78b4cb1b404f","111e83d7-774e-43ea-94a9-2848cbd765da","a009c4db-ed11-43db-9802-05201a61ce39","c3b402f6-4f8d-4f12-aedb-0d54859fb35b","2c5e5607-34a8-4b90-9fc3-75e84e19fcf9","9cbac447-5ec6-459c-8609-8749924f3593","e1db8b33-526c-439e-ab78-c4043c046b4e"
"Playlist ID:","fe0b8a3f-9b76-43bc-bbb7-b5923a4cfe43","Playlist Name:","null","Date Created:","null","Song ID's:","9cbac447-5ec6-459c-8609-8749924f3593"
"Playlist ID:","6b62aad2-c593-42b4-8f50-4c87329310d7","Playlist Name:","All Songs","Date Created:","Sun Oct 22 20:04:18 CDT 2017","Song ID's:","b2cc60a9-6172-4f44-acd0-0261b8b682a0","c28b093c-0245-4de0-9a91-a069a4ae1655","11b35eab-a5e9-4068-8049-5f66a3ca59fd","0c947f33-8a2f-408d-9560-1a8812865b31","a5bb8e42-9e3b-4c66-a24b-d7a70a80aec3","6f009fc7-8ab5-4e41-b870-67c472ad8662","43002f81-af87-4686-baa5-698de1f9ed85","238f8d17-f6db-4a5a-b7a0-8ba6023dfe52","77822265-5934-4c9d-8083-431fabbed765","01ac6b16-48e3-47bf-8fa2-f7e2ba90f5dc","226faec5-9bf4-4749-8fd2-c2854965d404","665a2398-e169-47cc-94bb-3b3a785d2dd9","ca07b908-02f2-4b59-9474-9e3144da60ba","a373cc61-bcd0-45e1-b4bc-5055422c0dc6","696cecf9-9bfc-43b9-9681-0c664a8a388f","82f14fdd-2c21-4bde-bd9f-3cdf0bd85dc4","b8aba515-20c5-408f-87b8-78b4cb1b404f","111e83d7-774e-43ea-94a9-2848cbd765da","a009c4db-ed11-43db-9802-05201a61ce39","c3b402f6-4f8d-4f12-aedb-0d54859fb35b","2c5e5607-34a8-4b90-9fc3-75e84e19fcf9","9cbac447-5ec6-459c-8609-8749924f3593","e1db8b33-526c-439e-ab78-c4043c046b4e"
"Playlist ID:","f7f80af2-abe2-441d-aacd-8e157b624cc4","Playlist Name:","null","Date Created:","null","Song ID's:","b2cc60a9-6172-4f44-acd0-0261b8b682a0","c28b093c-0245-4de0-9a91-a069a4ae1655","11b35eab-a5e9-4068-8049-5f66a3ca59fd","0c947f33-8a2f-408d-9560-1a8812865b31","6f009fc7-8ab5-4e41-b870-67c472ad8662","43002f81-af87-4686-baa5-698de1f9ed85","238f8d17-f6db-4a5a-b7a0-8ba6023dfe52","77822265-5934-4c9d-8083-431fabbed765","01ac6b16-48e3-47bf-8fa2-f7e2ba90f5dc","226faec5-9bf4-4749-8fd2-c2854965d404","665a2398-e169-47cc-94bb-3b3a785d2dd9","ca07b908-02f2-4b59-9474-9e3144da60ba","a373cc61-bcd0-45e1-b4bc-5055422c0dc6","696cecf9-9bfc-43b9-9681-0c664a8a388f","82f14fdd-2c21-4bde-bd9f-3cdf0bd85dc4","b8aba515-20c5-408f-87b8-78b4cb1b404f","111e83d7-774e-43ea-94a9-2848cbd765da","a009c4db-ed11-43db-9802-05201a61ce39","c3b402f6-4f8d-4f12-aedb-0d54859fb35b","2c5e5607-34a8-4b90-9fc3-75e84e19fcf9","9cbac447-5ec6-459c-8609-8749924f3593","e1db8b33-526c-439e-ab78-c4043c046b4e"
"Playlist ID:","5132e3c5-54c0-49d7-9a9d-3d410ebd30b0","Playlist Name:","null","Date Created:","null","Song ID's:","b2cc60a9-6172-4f44-acd0-0261b8b682a0","c28b093c-0245-4de0-9a91-a069a4ae1655","11b35eab-a5e9-4068-8049-5f66a3ca59fd","0c947f33-8a2f-408d-9560-1a8812865b31","a5bb8e42-9e3b-4c66-a24b-d7a70a80aec3","6f009fc7-8ab5-4e41-b870-67c472ad8662","43002f81-af87-4686-baa5-698de1f9ed85","77822265-5934-4c9d-8083-431fabbed765","01ac6b16-48e3-47bf-8fa2-f7e2ba90f5dc","226faec5-9bf4-4749-8fd2-c2854965d404","665a2398-e169-47cc-94bb-3b3a785d2dd9","ca07b908-02f2-4b59-9474-9e3144da60ba","a373cc61-bcd0-45e1-b4bc-5055422c0dc6","696cecf9-9bfc-43b9-9681-0c664a8a388f","82f14fdd-2c21-4bde-bd9f-3cdf0bd85dc4","b8aba515-20c5-408f-87b8-78b4cb1b404f","111e83d7-774e-43ea-94a9-2848cbd765da","a009c4db-ed11-43db-9802-05201a61ce39","c3b402f6-4f8d-4f12-aedb-0d54859fb35b","2c5e5607-34a8-4b90-9fc3-75e84e19fcf9","e1db8b33-526c-439e-ab78-c4043c046b4e"
"Playlist ID:","2392149c-ee43-4079-a237-25993d2c9569","Playlist Name:","null","Date Created:","null","Song ID's:"
"Playlist ID:","3605c02e-3515-4135-8ca6-845841ba3481","Playlist Name:","All Songs","Date Created:","Sun Oct 22 20:06:25 CDT 2017","Song ID's:","b2cc60a9-6172-4f44-acd0-0261b8b682a0","c28b093c-0245-4de0-9a91-a069a4ae1655","11b35eab-a5e9-4068-8049-5f66a3ca59fd","0c947f33-8a2f-408d-9560-1a8812865b31","a5bb8e42-9e3b-4c66-a24b-d7a70a80aec3","6f009fc7-8ab5-4e41-b870-67c472ad8662","43002f81-af87-4686-baa5-698de1f9ed85","238f8d17-f6db-4a5a-b7a0-8ba6023dfe52","77822265-5934-4c9d-8083-431fabbed765","01ac6b16-48e3-47bf-8fa2-f7e2ba90f5dc","226faec5-9bf4-4749-8fd2-c2854965d404","665a2398-e169-47cc-94bb-3b3a785d2dd9","ca07b908-02f2-4b59-9474-9e3144da60ba","a373cc61-bcd0-45e1-b4bc-5055422c0dc6","696cecf9-9bfc-43b9-9681-0c664a8a388f","82f14fdd-2c21-4bde-bd9f-3cdf0bd85dc4","b8aba515-20c5-408f-87b8-78b4cb1b404f","111e83d7-774e-43ea-94a9-2848cbd765da","a009c4db-ed11-43db-9802-05201a61ce39","c3b402f6-4f8d-4f12-aedb-0d54859fb35b","2c5e5607-34a8-4b90-9fc3-75e84e19fcf9","9cbac447-5ec6-459c-8609-8749924f3593","e1db8b33-526c-439e-ab78-c4043c046b4e"
"Playlist ID:","f1403335-622a-44ca-8db5-34b269a72333","Playlist Name:","All Songs","Date Created:","Sun Oct 22 20:10:28 CDT 2017","Song ID's:","b2cc60a9-6172-4f44-acd0-0261b8b682a0","c28b093c-0245-4de0-9a91-a069a4ae1655","11b35eab-a5e9-4068-8049-5f66a3ca59fd","0c947f33-8a2f-408d-9560-1a8812865b31","a5bb8e42-9e3b-4c66-a24b-d7a70a80aec3","6f009fc7-8ab5-4e41-b870-67c472ad8662","43002f81-af87-4686-baa5-698de1f9ed85","238f8d17-f6db-4a5a-b7a0-8ba6023dfe52","77822265-5934-4c9d-8083-431fabbed765","01ac6b16-48e3-47bf-8fa2-f7e2ba90f5dc","226faec5-9bf4-4749-8fd2-c2854965d404","665a2398-e169-47cc-94bb-3b3a785d2dd9","ca07b908-02f2-4b59-9474-9e3144da60ba","a373cc61-bcd0-45e1-b4bc-5055422c0dc6","696cecf9-9bfc-43b9-9681-0c664a8a388f","82f14fdd-2c21-4bde-bd9f-3cdf0bd85dc4","b8aba515-20c5-408f-87b8-78b4cb1b404f","111e83d7-774e-43ea-94a9-2848cbd765da","a009c4db-ed11-43db-9802-05201a61ce39","c3b402f6-4f8d-4f12-aedb-0d54859fb35b","2c5e5607-34a8-4b90-9fc3-75e84e19fcf9","9cbac447-5ec6-459c-8609-8749924f3593","e1db8b33-526c-439e-ab78-c4043c046b4e"
"Playlist ID:","b5694c3e-530b-47c2-8206-6785cc93d5d0","Playlist Name:","All Songs","Date Created:","Sun Oct 22 20:10:50 CDT 2017","Song ID's:","b2cc60a9-6172-4f44-acd0-0261b8b682a0","c28b093c-0245-4de0-9a91-a069a4ae1655","11b35eab-a5e9-4068-8049-5f66a3ca59fd","0c947f33-8a2f-408d-9560-1a8812865b31","a5bb8e42-9e3b-4c66-a24b-d7a70a80aec3","6f009fc7-8ab5-4e41-b870-67c472ad8662","43002f81-af87-4686-baa5-698de1f9ed85","238f8d17-f6db-4a5a-b7a0-8ba6023dfe52","77822265-5934-4c9d-8083-431fabbed765","01ac6b16-48e3-47bf-8fa2-f7e2ba90f5dc","226faec5-9bf4-4749-8fd2-c2854965d404","665a2398-e169-47cc-94bb-3b3a785d2dd9","ca07b908-02f2-4b59-9474-9e3144da60ba","a373cc61-bcd0-45e1-b4bc-5055422c0dc6","696cecf9-9bfc-43b9-9681-0c664a8a388f","82f14fdd-2c21-4bde-bd9f-3cdf0bd85dc4","b8aba515-20c5-408f-87b8-78b4cb1b404f","111e83d7-774e-43ea-94a9-2848cbd765da","a009c4db-ed11-43db-9802-05201a61ce39","c3b402f6-4f8d-4f12-aedb-0d54859fb35b","2c5e5607-34a8-4b90-9fc3-75e84e19fcf9","9cbac447-5ec6-459c-8609-8749924f3593","e1db8b33-526c-439e-ab78-c4043c046b4e"
"Playlist ID:","cf6db0c7-059e-4a24-a912-db63f3205815","Playlist Name:","All Songs","Date Created:","Sun Oct 22 20:11:32 CDT 2017","Song ID's:","b2cc60a9-6172-4f44-acd0-0261b8b682a0","c28b093c-0245-4de0-9a91-a069a4ae1655","11b35eab-a5e9-4068-8049-5f66a3ca59fd","0c947f33-8a2f-408d-9560-1a8812865b31","a5bb8e42-9e3b-4c66-a24b-d7a70a80aec3","6f009fc7-8ab5-4e41-b870-67c472ad8662","43002f81-af87-4686-baa5-698de1f9ed85","238f8d17-f6db-4a5a-b7a0-8ba6023dfe52","77822265-5934-4c9d-8083-431fabbed765","01ac6b16-48e3-47bf-8fa2-f7e2ba90f5dc","226faec5-9bf4-4749-8fd2-c2854965d404","665a2398-e169-47cc-94bb-3b3a785d2dd9","ca07b908-02f2-4b59-9474-9e3144da60ba","a373cc61-bcd0-45e1-b4bc-5055422c0dc6","696cecf9-9bfc-43b9-9681-0c664a8a388f","82f14fdd-2c21-4bde-bd9f-3cdf0bd85dc4","b8aba515-20c5-408f-87b8-78b4cb1b404f","111e83d7-774e-43ea-94a9-2848cbd765da","a009c4db-ed11-43db-9802-05201a61ce39","c3b402f6-4f8d-4f12-aedb-0d54859fb35b","2c5e5607-34a8-4b90-9fc3-75e84e19fcf9","9cbac447-5ec6-459c-8609-8749924f3593","e1db8b33-526c-439e-ab78-c4043c046b4e"
"Playlist ID:","4a60d8f1-1210-40dd-9fd7-4c2cc7973069","Playlist Name:","All Songs","Date Created:","Sun Oct 22 20:12:33 CDT 2017","Song ID's:","b2cc60a9-6172-4f44-acd0-0261b8b682a0","c28b093c-0245-4de0-9a91-a069a4ae1655","11b35eab-a5e9-4068-8049-5f66a3ca59fd","0c947f33-8a2f-408d-9560-1a8812865b31","a5bb8e42-9e3b-4c66-a24b-d7a70a80aec3","6f009fc7-8ab5-4e41-b870-67c472ad8662","43002f81-af87-4686-baa5-698de1f9ed85","238f8d17-f6db-4a5a-b7a0-8ba6023dfe52","77822265-5934-4c9d-8083-431fabbed765","01ac6b16-48e3-47bf-8fa2-f7e2ba90f5dc","226faec5-9bf4-4749-8fd2-c2854965d404","665a2398-e169-47cc-94bb-3b3a785d2dd9","ca07b908-02f2-4b59-9474-9e3144da60ba","a373cc61-bcd0-45e1-b4bc-5055422c0dc6","696cecf9-9bfc-43b9-9681-0c664a8a388f","82f14fdd-2c21-4bde-bd9f-3cdf0bd85dc4","b8aba515-20c5-408f-87b8-78b4cb1b404f","111e83d7-774e-43ea-94a9-2848cbd765da","a009c4db-ed11-43db-9802-05201a61ce39","c3b402f6-4f8d-4f12-aedb-0d54859fb35b","2c5e5607-34a8-4b90-9fc3-75e84e19fcf9","9cbac447-5ec6-459c-8609-8749924f3593","e1db8b33-526c-439e-ab78-c4043c046b4e"
"Playlist ID:","74eda2de-faab-4a88-a4ff-a80eebce1b82","Playlist Name:","All Songs","Date Created:","Sun Oct 22 20:14:41 CDT 2017","Song ID's:","b2cc60a9-6172-4f44-acd0-0261b8b682a0","c28b093c-0245-4de0-9a91-a069a4ae1655","11b35eab-a5e9-4068-8049-5f66a3ca59fd","0c947f33-8a2f-408d-9560-1a8812865b31","a5bb8e42-9e3b-4c66-a24b-d7a70a80aec3","6f009fc7-8ab5-4e41-b870-67c472ad8662","43002f81-af87-4686-baa5-698de1f9ed85","238f8d17-f6db-4a5a-b7a0-8ba6023dfe52","77822265-5934-4c9d-8083-431fabbed765","01ac6b16-48e3-47bf-8fa2-f7e2ba90f5dc","226faec5-9bf4-4749-8fd2-c2854965d404","665a2398-e169-47cc-94bb-3b3a785d2dd9","ca07b908-02f2-4b59-9474-9e3144da60ba","a373cc61-bcd0-45e1-b4bc-5055422c0dc6","696cecf9-9bfc-43b9-9681-0c664a8a388f","82f14fdd-2c21-4bde-bd9f-3cdf0bd85dc4","b8aba515-20c5-408f-87b8-78b4cb1b404f","111e83d7-774e-43ea-94a9-2848cbd765da","a009c4db-ed11-43db-9802-05201a61ce39","c3b402f6-4f8d-4f12-aedb-0d54859fb35b","2c5e5607-34a8-4b90-9fc3-75e84e19fcf9","9cbac447-5ec6-459c-8609-8749924f3593","e1db8b33-526c-439e-ab78-c4043c046b4e"
"Playlist ID:","4674153e-dd64-4d2a-81d0-7845a21df19e","Playlist Name:","null","Date Created:","Sun Oct 22 20:15:24 CDT 2017","Song ID's:"
"Playlist ID:","d1b37806-3438-4ab1-98d6-2097553a1291","Playlist Name:","null","Date Created:","Sun Oct 22 20:14:42 CDT 2017","Song ID's:","696cecf9-9bfc-43b9-9681-0c664a8a388f"
"Playlist ID:","b2e7f08c-89ff-4ea1-bce6-ce5181453904","Playlist Name:","All Songs","Date Created:","Sun Oct 22 20:21:11 CDT 2017","Song ID's:","b2cc60a9-6172-4f44-acd0-0261b8b682a0","c28b093c-0245-4de0-9a91-a069a4ae1655","11b35eab-a5e9-4068-8049-5f66a3ca59fd","0c947f33-8a2f-408d-9560-1a8812865b31","a5bb8e42-9e3b-4c66-a24b-d7a70a80aec3","6f009fc7-8ab5-4e41-b870-67c472ad8662","43002f81-af87-4686-baa5-698de1f9ed85","238f8d17-f6db-4a5a-b7a0-8ba6023dfe52","77822265-5934-4c9d-8083-431fabbed765","01ac6b16-48e3-47bf-8fa2-f7e2ba90f5dc","226faec5-9bf4-4749-8fd2-c2854965d404","665a2398-e169-47cc-94bb-3b3a785d2dd9","ca07b908-02f2-4b59-9474-9e3144da60ba","a373cc61-bcd0-45e1-b4bc-5055422c0dc6","696cecf9-9bfc-43b9-9681-0c664a8a388f","82f14fdd-2c21-4bde-bd9f-3cdf0bd85dc4","b8aba515-20c5-408f-87b8-78b4cb1b404f","111e83d7-774e-43ea-94a9-2848cbd765da","a009c4db-ed11-43db-9802-05201a61ce39","c3b402f6-4f8d-4f12-aedb-0d54859fb35b","2c5e5607-34a8-4b90-9fc3-75e84e19fcf9","9cbac447-5ec6-459c-8609-8749924f3593","e1db8b33-526c-439e-ab78-c4043c046b4e"
"Playlist ID:","b77eb4c7-37d8-4982-9c46-f9899f91de04","Playlist Name:","All Songs","Date Created:","Sun Oct 22 20:21:44 CDT 2017","Song ID's:","b2cc60a9-6172-4f44-acd0-0261b8b682a0","c28b093c-0245-4de0-9a91-a069a4ae1655","11b35eab-a5e9-4068-8049-5f66a3ca59fd","0c947f33-8a2f-408d-9560-1a8812865b31","a5bb8e42-9e3b-4c66-a24b-d7a70a80aec3","6f009fc7-8ab5-4e41-b870-67c472ad8662","43002f81-af87-4686-baa5-698de1f9ed85","238f8d17-f6db-4a5a-b7a0-8ba6023dfe52","77822265-5934-4c9d-8083-431fabbed765","01ac6b16-48e3-47bf-8fa2-f7e2ba90f5dc","226faec5-9bf4-4749-8fd2-c2854965d404","665a2398-e169-47cc-94bb-3b3a785d2dd9","ca07b908-02f2-4b59-9474-9e3144da60ba","a373cc61-bcd0-45e1-b4bc-5055422c0dc6","696cecf9-9bfc-43b9-9681-0c664a8a388f","82f14fdd-2c21-4bde-bd9f-3cdf0bd85dc4","b8aba515-20c5-408f-87b8-78b4cb1b404f","111e83d7-774e-43ea-94a9-2848cbd765da","a009c4db-ed11-43db-9802-05201a61ce39","c3b402f6-4f8d-4f12-aedb-0d54859fb35b","2c5e5607-34a8-4b90-9fc3-75e84e19fcf9","9cbac447-5ec6-459c-8609-8749924f3593","e1db8b33-526c-439e-ab78-c4043c046b4e"
"Playlist ID:","7f542e0d-2878-4cc1-a5fd-d987b7dea43a","Playlist Name:","All Songs","Date Created:","Sun Oct 22 20:21:50 CDT 2017","Song ID's:","b2cc60a9-6172-4f44-acd0-0261b8b682a0","c28b093c-0245-4de0-9a91-a069a4ae1655","11b35eab-a5e9-4068-8049-5f66a3ca59fd","0c947f33-8a2f-408d-9560-1a8812865b31","a5bb8e42-9e3b-4c66-a24b-d7a70a80aec3","6f009fc7-8ab5-4e41-b870-67c472ad8662","43002f81-af87-4686-baa5-698de1f9ed85","238f8d17-f6db-4a5a-b7a0-8ba6023dfe52","77822265-5934-4c9d-8083-431fabbed765","01ac6b16-48e3-47bf-8fa2-f7e2ba90f5dc","226faec5-9bf4-4749-8fd2-c2854965d404","665a2398-e169-47cc-94bb-3b3a785d2dd9","ca07b908-02f2-4b59-9474-9e3144da60ba","a373cc61-bcd0-45e1-b4bc-5055422c0dc6","696cecf9-9bfc-43b9-9681-0c664a8a388f","82f14fdd-2c21-4bde-bd9f-3cdf0bd85dc4","b8aba515-20c5-408f-87b8-78b4cb1b404f","111e83d7-774e-43ea-94a9-2848cbd765da","a009c4db-ed11-43db-9802-05201a61ce39","c3b402f6-4f8d-4f12-aedb-0d54859fb35b","2c5e5607-34a8-4b90-9fc3-75e84e19fcf9","9cbac447-5ec6-459c-8609-8749924f3593","e1db8b33-526c-439e-ab78-c4043c046b4e"
"Playlist ID:","6fea665d-beea-4795-8777-f272c5a42f72","Playlist Name:","All Songs","Date Created:","Sun Oct 22 20:22:27 CDT 2017","Song ID's:","b2cc60a9-6172-4f44-acd0-0261b8b682a0","c28b093c-0245-4de0-9a91-a069a4ae1655","11b35eab-a5e9-4068-8049-5f66a3ca59fd","0c947f33-8a2f-408d-9560-1a8812865b31","a5bb8e42-9e3b-4c66-a24b-d7a70a80aec3","6f009fc7-8ab5-4e41-b870-67c472ad8662","43002f81-af87-4686-baa5-698de1f9ed85","238f8d17-f6db-4a5a-b7a0-8ba6023dfe52","77822265-5934-4c9d-8083-431fabbed765","01ac6b16-48e3-47bf-8fa2-f7e2ba90f5dc","226faec5-9bf4-4749-8fd2-c2854965d404","665a2398-e169-47cc-94bb-3b3a785d2dd9","ca07b908-02f2-4b59-9474-9e3144da60ba","a373cc61-bcd0-45e1-b4bc-5055422c0dc6","696cecf9-9bfc-43b9-9681-0c664a8a388f","82f14fdd-2c21-4bde-bd9f-3cdf0bd85dc4","b8aba515-20c5-408f-87b8-78b4cb1b404f","111e83d7-774e-43ea-94a9-2848cbd765da","a009c4db-ed11-43db-9802-05201a61ce39","c3b402f6-4f8d-4f12-aedb-0d54859fb35b","2c5e5607-34a8-4b90-9fc3-75e84e19fcf9","9cbac447-5ec6-459c-8609-8749924f3593","e1db8b33-526c-439e-ab78-c4043c046b4e"
"Playlist ID:","7b1a53e1-d34f-467b-a764-8e59e306d855","Playlist Name:","null","Date Created:","Sun Oct 22 20:22:34 CDT 2017","Song ID's:"
"Playlist ID:","1b4f3bde-52f2-49e3-965d-ac585a8d0f03","Playlist Name:","All Songs","Date Created:","Sun Oct 22 20:22:55 CDT 2017","Song ID's:","b2cc60a9-6172-4f44-acd0-0261b8b682a0","c28b093c-0245-4de0-9a91-a069a4ae1655","11b35eab-a5e9-4068-8049-5f66a3ca59fd","0c947f33-8a2f-408d-9560-1a8812865b31","a5bb8e42-9e3b-4c66-a24b-d7a70a80aec3","6f009fc7-8ab5-4e41-b870-67c472ad8662","43002f81-af87-4686-baa5-698de1f9ed85","238f8d17-f6db-4a5a-b7a0-8ba6023dfe52","77822265-5934-4c9d-8083-431fabbed765","01ac6b16-48e3-47bf-8fa2-f7e2ba90f5dc","226faec5-9bf4-4749-8fd2-c2854965d404","665a2398-e169-47cc-94bb-3b3a785d2dd9","ca07b908-02f2-4b59-9474-9e3144da60ba","a373cc61-bcd0-45e1-b4bc-5055422c0dc6","696cecf9-9bfc-43b9-9681-0c664a8a388f","82f14fdd-2c21-4bde-bd9f-3cdf0bd85dc4","b8aba515-20c5-408f-87b8-78b4cb1b404f","111e83d7-774e-43ea-94a9-2848cbd765da","a009c4db-ed11-43db-9802-05201a61ce39","c3b402f6-4f8d-4f12-aedb-0d54859fb35b","2c5e5607-34a8-4b90-9fc3-75e84e19fcf9","9cbac447-5ec6-459c-8609-8749924f3593","e1db8b33-526c-439e-ab78-c4043c046b4e"
"Playlist ID:","907abfb5-3309-4f9a-b0d7-aaf62575b07f","Playlist Name:","null","Date Created:","Sun Oct 22 20:22:56 CDT 2017","Song ID's:"
"Playlist ID:","3ff0ad6b-c7c5-4104-9538-4687385e304f","Playlist Name:","All Songs","Date Created:","Sun Oct 22 20:23:07 CDT 2017","Song ID's:","b2cc60a9-6172-4f44-acd0-0261b8b682a0","c28b093c-0245-4de0-9a91-a069a4ae1655","11b35eab-a5e9-4068-8049-5f66a3ca59fd","0c947f33-8a2f-408d-9560-1a8812865b31","a5bb8e42-9e3b-4c66-a24b-d7a70a80aec3","6f009fc7-8ab5-4e41-b870-67c472ad8662","43002f81-af87-4686-baa5-698de1f9ed85","238f8d17-f6db-4a5a-b7a0-8ba6023dfe52","77822265-5934-4c9d-8083-431fabbed765","01ac6b16-48e3-47bf-8fa2-f7e2ba90f5dc","226faec5-9bf4-4749-8fd2-c2854965d404","665a2398-e169-47cc-94bb-3b3a785d2dd9","ca07b908-02f2-4b59-9474-9e3144da60ba","a373cc61-bcd0-45e1-b4bc-5055422c0dc6","696cecf9-9bfc-43b9-9681-0c664a8a388f","82f14fdd-2c21-4bde-bd9f-3cdf0bd85dc4","b8aba515-20c5-408f-87b8-78b4cb1b404f","111e83d7-774e-43ea-94a9-2848cbd765da","a009c4db-ed11-43db-9802-05201a61ce39","c3b402f6-4f8d-4f12-aedb-0d54859fb35b","2c5e5607-34a8-4b90-9fc3-75e84e19fcf9","9cbac447-5ec6-459c-8609-8749924f3593","e1db8b33-526c-439e-ab78-c4043c046b4e"
"Playlist ID:","e74738f9-f93e-4b11-91e0-1a97b4bf8654","Playlist Name:","null","Date Created:","Sun Oct 22 20:23:09 CDT 2017","Song ID's:"
"Playlist ID:","39e669b3-62a8-47df-a1c3-514dcefd5b59","Playlist Name:","All Songs","Date Created:","Sun Oct 22 20:23:51 CDT 2017","Song ID's:","b2cc60a9-6172-4f44-acd0-0261b8b682a0","c28b093c-0245-4de0-9a91-a069a4ae1655","11b35eab-a5e9-4068-8049-5f66a3ca59fd","0c947f33-8a2f-408d-9560-1a8812865b31","a5bb8e42-9e3b-4c66-a24b-d7a70a80aec3","6f009fc7-8ab5-4e41-b870-67c472ad8662","43002f81-af87-4686-baa5-698de1f9ed85","238f8d17-f6db-4a5a-b7a0-8ba6023dfe52","77822265-5934-4c9d-8083-431fabbed765","01ac6b16-48e3-47bf-8fa2-f7e2ba90f5dc","226faec5-9bf4-4749-8fd2-c2854965d404","665a2398-e169-47cc-94bb-3b3a785d2dd9","ca07b908-02f2-4b59-9474-9e3144da60ba","a373cc61-bcd0-45e1-b4bc-5055422c0dc6","696cecf9-9bfc-43b9-9681-0c664a8a388f","82f14fdd-2c21-4bde-bd9f-3cdf0bd85dc4","b8aba515-20c5-408f-87b8-78b4cb1b404f","111e83d7-774e-43ea-94a9-2848cbd765da","a009c4db-ed11-43db-9802-05201a61ce39","c3b402f6-4f8d-4f12-aedb-0d54859fb35b","2c5e5607-34a8-4b90-9fc3-75e84e19fcf9","9cbac447-5ec6-459c-8609-8749924f3593","e1db8b33-526c-439e-ab78-c4043c046b4e"
"Playlist ID:","b4f8090b-7984-431d-b91e-7a28980ec897","Playlist Name:","null","Date Created:","Sun Oct 22 20:23:53 CDT 2017","Song ID's:"
"Playlist ID:","8524ec40-c6f3-4aab-8a71-676952aa66f4","Playlist Name:","All Songs","Date Created:","Sun Oct 22 20:24:30 CDT 2017","Song ID's:","b2cc60a9-6172-4f44-acd0-0261b8b682a0","c28b093c-0245-4de0-9a91-a069a4ae1655","11b35eab-a5e9-4068-8049-5f66a3ca59fd","0c947f33-8a2f-408d-9560-1a8812865b31","a5bb8e42-9e3b-4c66-a24b-d7a70a80aec3","6f009fc7-8ab5-4e41-b870-67c472ad8662","43002f81-af87-4686-baa5-698de1f9ed85","238f8d17-f6db-4a5a-b7a0-8ba6023dfe52","77822265-5934-4c9d-8083-431fabbed765","01ac6b16-48e3-47bf-8fa2-f7e2ba90f5dc","226faec5-9bf4-4749-8fd2-c2854965d404","665a2398-e169-47cc-94bb-3b3a785d2dd9","ca07b908-02f2-4b59-9474-9e3144da60ba","a373cc61-bcd0-45e1-b4bc-5055422c0dc6","696cecf9-9bfc-43b9-9681-0c664a8a388f","82f14fdd-2c21-4bde-bd9f-3cdf0bd85dc4","b8aba515-20c5-408f-87b8-78b4cb1b404f","111e83d7-774e-43ea-94a9-2848cbd765da","a009c4db-ed11-43db-9802-05201a61ce39","c3b402f6-4f8d-4f12-aedb-0d54859fb35b","2c5e5607-34a8-4b90-9fc3-75e84e19fcf9","9cbac447-5ec6-459c-8609-8749924f3593","e1db8b33-526c-439e-ab78-c4043c046b4e"
"Playlist ID:","6da17a05-771f-4292-8945-a8a6a8b3d7be","Playlist Name:","All Songs","Date Created:","Sun Oct 22 20:24:38 CDT 2017","Song ID's:","b2cc60a9-6172-4f44-acd0-0261b8b682a0","c28b093c-0245-4de0-9a91-a069a4ae1655","11b35eab-a5e9-4068-8049-5f66a3ca59fd","0c947f33-8a2f-408d-9560-1a8812865b31","a5bb8e42-9e3b-4c66-a24b-d7a70a80aec3","6f009fc7-8ab5-4e41-b870-67c472ad8662","43002f81-af87-4686-baa5-698de1f9ed85","238f8d17-f6db-4a5a-b7a0-8ba6023dfe52","77822265-5934-4c9d-8083-431fabbed765","01ac6b16-48e3-47bf-8fa2-f7e2ba90f5dc","226faec5-9bf4-4749-8fd2-c2854965d404","665a2398-e169-47cc-94bb-3b3a785d2dd9","ca07b908-02f2-4b59-9474-9e3144da60ba","a373cc61-bcd0-45e1-b4bc-5055422c0dc6","696cecf9-9bfc-43b9-9681-0c664a8a388f","82f14fdd-2c21-4bde-bd9f-3cdf0bd85dc4","b8aba515-20c5-408f-87b8-78b4cb1b404f","111e83d7-774e-43ea-94a9-2848cbd765da","a009c4db-ed11-43db-9802-05201a61ce39","c3b402f6-4f8d-4f12-aedb-0d54859fb35b","2c5e5607-34a8-4b90-9fc3-75e84e19fcf9","9cbac447-5ec6-459c-8609-8749924f3593","e1db8b33-526c-439e-ab78-c4043c046b4e"
"Playlist ID:","58ba87db-67b8-475b-9124-d337c25e97c3","Playlist Name:","null","Date Created:","Sun Oct 22 20:24:59 CDT 2017","Song ID's:","9cbac447-5ec6-459c-8609-8749924f3593"
"Playlist ID:","b780bc3a-4dee-43dc-8286-5ab94d7ec644","Playlist Name:","All Songs","Date Created:","Sun Oct 22 20:31:12 CDT 2017","Song ID's:","b2cc60a9-6172-4f44-acd0-0261b8b682a0","c28b093c-0245-4de0-9a91-a069a4ae1655","11b35eab-a5e9-4068-8049-5f66a3ca59fd","0c947f33-8a2f-408d-9560-1a8812865b31","a5bb8e42-9e3b-4c66-a24b-d7a70a80aec3","6f009fc7-8ab5-4e41-b870-67c472ad8662","43002f81-af87-4686-baa5-698de1f9ed85","238f8d17-f6db-4a5a-b7a0-8ba6023dfe52","77822265-5934-4c9d-8083-431fabbed765","01ac6b16-48e3-47bf-8fa2-f7e2ba90f5dc","226faec5-9bf4-4749-8fd2-c2854965d404","665a2398-e169-47cc-94bb-3b3a785d2dd9","ca07b908-02f2-4b59-9474-9e3144da60ba","a373cc61-bcd0-45e1-b4bc-5055422c0dc6","696cecf9-9bfc-43b9-9681-0c664a8a388f","82f14fdd-2c21-4bde-bd9f-3cdf0bd85dc4","b8aba515-20c5-408f-87b8-78b4cb1b404f","111e83d7-774e-43ea-94a9-2848cbd765da","a009c4db-ed11-43db-9802-05201a61ce39","c3b402f6-4f8d-4f12-aedb-0d54859fb35b","2c5e5607-34a8-4b90-9fc3-75e84e19fcf9","9cbac447-5ec6-459c-8609-8749924f3593","e1db8b33-526c-439e-ab78-c4043c046b4e"
"Playlist ID:","f111e7b4-e47a-4c11-b6c9-fbd89befd8f0","Playlist Name:","All Songs","Date Created:","Sun Oct 22 20:32:27 CDT 2017","Song ID's:","b2cc60a9-6172-4f44-acd0-0261b8b682a0","c28b093c-0245-4de0-9a91-a069a4ae1655","11b35eab-a5e9-4068-8049-5f66a3ca59fd","0c947f33-8a2f-408d-9560-1a8812865b31","a5bb8e42-9e3b-4c66-a24b-d7a70a80aec3","6f009fc7-8ab5-4e41-b870-67c472ad8662","43002f81-af87-4686-baa5-698de1f9ed85","238f8d17-f6db-4a5a-b7a0-8ba6023dfe52","77822265-5934-4c9d-8083-431fabbed765","01ac6b16-48e3-47bf-8fa2-f7e2ba90f5dc","226faec5-9bf4-4749-8fd2-c2854965d404","665a2398-e169-47cc-94bb-3b3a785d2dd9","ca07b908-02f2-4b59-9474-9e3144da60ba","a373cc61-bcd0-45e1-b4bc-5055422c0dc6","696cecf9-9bfc-43b9-9681-0c664a8a388f","82f14fdd-2c21-4bde-bd9f-3cdf0bd85dc4","b8aba515-20c5-408f-87b8-78b4cb1b404f","111e83d7-774e-43ea-94a9-2848cbd765da","a009c4db-ed11-43db-9802-05201a61ce39","c3b402f6-4f8d-4f12-aedb-0d54859fb35b","2c5e5607-34a8-4b90-9fc3-75e84e19fcf9","9cbac447-5ec6-459c-8609-8749924f3593","e1db8b33-526c-439e-ab78-c4043c046b4e"
"Playlist ID:","12acb991-89ff-4485-b2ab-513e0c348936","Playlist Name:","null","Date Created:","Sun Oct 22 20:33:13 CDT 2017","Song ID's:"
"Playlist ID:","7c559662-5bb6-4fc7-8de4-55ab4d6ba127","Playlist Name:","All Songs","Date Created:","Sun Oct 22 20:34:06 CDT 2017","Song ID's:","b2cc60a9-6172-4f44-acd0-0261b8b682a0","c28b093c-0245-4de0-9a91-a069a4ae1655","11b35eab-a5e9-4068-8049-5f66a3ca59fd","0c947f33-8a2f-408d-9560-1a8812865b31","a5bb8e42-9e3b-4c66-a24b-d7a70a80aec3","6f009fc7-8ab5-4e41-b870-67c472ad8662","43002f81-af87-4686-baa5-698de1f9ed85","238f8d17-f6db-4a5a-b7a0-8ba6023dfe52","77822265-5934-4c9d-8083-431fabbed765","01ac6b16-48e3-47bf-8fa2-f7e2ba90f5dc","226faec5-9bf4-4749-8fd2-c2854965d404","665a2398-e169-47cc-94bb-3b3a785d2dd9","ca07b908-02f2-4b59-9474-9e3144da60ba","a373cc61-bcd0-45e1-b4bc-5055422c0dc6","696cecf9-9bfc-43b9-9681-0c664a8a388f","82f14fdd-2c21-4bde-bd9f-3cdf0bd85dc4","b8aba515-20c5-408f-87b8-78b4cb1b404f","111e83d7-774e-43ea-94a9-2848cbd765da","a009c4db-ed11-43db-9802-05201a61ce39","c3b402f6-4f8d-4f12-aedb-0d54859fb35b","2c5e5607-34a8-4b90-9fc3-75e84e19fcf9","9cbac447-5ec6-459c-8609-8749924f3593","e1db8b33-526c-439e-ab78-c4043c046b4e"
"Playlist ID:","6c2858ba-c02c-455f-bad1-3da2f4670c1d","Playlist Name:","All Songs","Date Created:","Sun Oct 22 20:34:23 CDT 2017","Song ID's:","b2cc60a9-6172-4f44-acd0-0261b8b682a0","c28b093c-0245-4de0-9a91-a069a4ae1655","11b35eab-a5e9-4068-8049-5f66a3ca59fd","0c947f33-8a2f-408d-9560-1a8812865b31","a5bb8e42-9e3b-4c66-a24b-d7a70a80aec3","6f009fc7-8ab5-4e41-b870-67c472ad8662","43002f81-af87-4686-baa5-698de1f9ed85","238f8d17-f6db-4a5a-b7a0-8ba6023dfe52","77822265-5934-4c9d-8083-431fabbed765","01ac6b16-48e3-47bf-8fa2-f7e2ba90f5dc","226faec5-9bf4-4749-8fd2-c2854965d404","665a2398-e169-47cc-94bb-3b3a785d2dd9","ca07b908-02f2-4b59-9474-9e3144da60ba","a373cc61-bcd0-45e1-b4bc-5055422c0dc6","696cecf9-9bfc-43b9-9681-0c664a8a388f","82f14fdd-2c21-4bde-bd9f-3cdf0bd85dc4","b8aba515-20c5-408f-87b8-78b4cb1b404f","111e83d7-774e-43ea-94a9-2848cbd765da","a009c4db-ed11-43db-9802-05201a61ce39","c3b402f6-4f8d-4f12-aedb-0d54859fb35b","2c5e5607-34a8-4b90-9fc3-75e84e19fcf9","9cbac447-5ec6-459c-8609-8749924f3593","e1db8b33-526c-439e-ab78-c4043c046b4e"
"Playlist ID:","140bf47b-54a8-4a27-9b28-580acb88854d","Playlist Name:","All Songs","Date Created:","Sun Oct 22 20:34:49 CDT 2017","Song ID's:","b2cc60a9-6172-4f44-acd0-0261b8b682a0","c28b093c-0245-4de0-9a91-a069a4ae1655","11b35eab-a5e9-4068-8049-5f66a3ca59fd","0c947f33-8a2f-408d-9560-1a8812865b31","a5bb8e42-9e3b-4c66-a24b-d7a70a80aec3","6f009fc7-8ab5-4e41-b870-67c472ad8662","43002f81-af87-4686-baa5-698de1f9ed85","238f8d17-f6db-4a5a-b7a0-8ba6023dfe52","77822265-5934-4c9d-8083-431fabbed765","01ac6b16-48e3-47bf-8fa2-f7e2ba90f5dc","226faec5-9bf4-4749-8fd2-c2854965d404","665a2398-e169-47cc-94bb-3b3a785d2dd9","ca07b908-02f2-4b59-9474-9e3144da60ba","a373cc61-bcd0-45e1-b4bc-5055422c0dc6","696cecf9-9bfc-43b9-9681-0c664a8a388f","82f14fdd-2c21-4bde-bd9f-3cdf0bd85dc4","b8aba515-20c5-408f-87b8-78b4cb1b404f","111e83d7-774e-43ea-94a9-2848cbd765da","a009c4db-ed11-43db-9802-05201a61ce39","c3b402f6-4f8d-4f12-aedb-0d54859fb35b","2c5e5607-34a8-4b90-9fc3-75e84e19fcf9","9cbac447-5ec6-459c-8609-8749924f3593","e1db8b33-526c-439e-ab78-c4043c046b4e"
"Playlist ID:","014f2d6e-5830-424a-bb1c-533f6933c0af","Playlist Name:","All Songs","Date Created:","Sun Oct 22 20:35:15 CDT 2017","Song ID's:","b2cc60a9-6172-4f44-acd0-0261b8b682a0","c28b093c-0245-4de0-9a91-a069a4ae1655","11b35eab-a5e9-4068-8049-5f66a3ca59fd","0c947f33-8a2f-408d-9560-1a8812865b31","a5bb8e42-9e3b-4c66-a24b-d7a70a80aec3","6f009fc7-8ab5-4e41-b870-67c472ad8662","43002f81-af87-4686-baa5-698de1f9ed85","238f8d17-f6db-4a5a-b7a0-8ba6023dfe52","77822265-5934-4c9d-8083-431fabbed765","01ac6b16-48e3-47bf-8fa2-f7e2ba90f5dc","226faec5-9bf4-4749-8fd2-c2854965d404","665a2398-e169-47cc-94bb-3b3a785d2dd9","ca07b908-02f2-4b59-9474-9e3144da60ba","a373cc61-bcd0-45e1-b4bc-5055422c0dc6","696cecf9-9bfc-43b9-9681-0c664a8a388f","82f14fdd-2c21-4bde-bd9f-3cdf0bd85dc4","b8aba515-20c5-408f-87b8-78b4cb1b404f","111e83d7-774e-43ea-94a9-2848cbd765da","a009c4db-ed11-43db-9802-05201a61ce39","c3b402f6-4f8d-4f12-aedb-0d54859fb35b","2c5e5607-34a8-4b90-9fc3-75e84e19fcf9","9cbac447-5ec6-459c-8609-8749924f3593","e1db8b33-526c-439e-ab78-c4043c046b4e"
"Playlist ID:","292e4252-e46c-48da-9054-f186b5a14c26","Playlist Name:","All Songs","Date Created:","Sun Oct 22 20:35:26 CDT 2017","Song ID's:","b2cc60a9-6172-4f44-acd0-0261b8b682a0","c28b093c-0245-4de0-9a91-a069a4ae1655","11b35eab-a5e9-4068-8049-5f66a3ca59fd","0c947f33-8a2f-408d-9560-1a8812865b31","a5bb8e42-9e3b-4c66-a24b-d7a70a80aec3","6f009fc7-8ab5-4e41-b870-67c472ad8662","43002f81-af87-4686-baa5-698de1f9ed85","238f8d17-f6db-4a5a-b7a0-8ba6023dfe52","77822265-5934-4c9d-8083-431fabbed765","01ac6b16-48e3-47bf-8fa2-f7e2ba90f5dc","226faec5-9bf4-4749-8fd2-c2854965d404","665a2398-e169-47cc-94bb-3b3a785d2dd9","ca07b908-02f2-4b59-9474-9e3144da60ba","a373cc61-bcd0-45e1-b4bc-5055422c0dc6","696cecf9-9bfc-43b9-9681-0c664a8a388f","82f14fdd-2c21-4bde-bd9f-3cdf0bd85dc4","b8aba515-20c5-408f-87b8-78b4cb1b404f","111e83d7-774e-43ea-94a9-2848cbd765da","a009c4db-ed11-43db-9802-05201a61ce39","c3b402f6-4f8d-4f12-aedb-0d54859fb35b","2c5e5607-34a8-4b90-9fc3-75e84e19fcf9","9cbac447-5ec6-459c-8609-8749924f3593","e1db8b33-526c-439e-ab78-c4043c046b4e"
"Playlist ID:","76d07743-9c9a-409c-9ff7-049b5cc2db47","Playlist Name:","All Songs","Date Created:","Sun Oct 22 20:36:21 CDT 2017","Song ID's:","b2cc60a9-6172-4f44-acd0-0261b8b682a0","c28b093c-0245-4de0-9a91-a069a4ae1655","11b35eab-a5e9-4068-8049-5f66a3ca59fd","0c947f33-8a2f-408d-9560-1a8812865b31","a5bb8e42-9e3b-4c66-a24b-d7a70a80aec3","6f009fc7-8ab5-4e41-b870-67c472ad8662","43002f81-af87-4686-baa5-698de1f9ed85","238f8d17-f6db-4a5a-b7a0-8ba6023dfe52","77822265-5934-4c9d-8083-431fabbed765","01ac6b16-48e3-47bf-8fa2-f7e2ba90f5dc","226faec5-9bf4-4749-8fd2-c2854965d404","665a2398-e169-47cc-94bb-3b3a785d2dd9","ca07b908-02f2-4b59-9474-9e3144da60ba","a373cc61-bcd0-45e1-b4bc-5055422c0dc6","696cecf9-9bfc-43b9-9681-0c664a8a388f","82f14fdd-2c21-4bde-bd9f-3cdf0bd85dc4","b8aba515-20c5-408f-87b8-78b4cb1b404f","111e83d7-774e-43ea-94a9-2848cbd765da","a009c4db-ed11-43db-9802-05201a61ce39","c3b402f6-4f8d-4f12-aedb-0d54859fb35b","2c5e5607-34a8-4b90-9fc3-75e84e19fcf9","9cbac447-5ec6-459c-8609-8749924f3593","e1db8b33-526c-439e-ab78-c4043c046b4e"
"Playlist ID:","6eb27864-2129-479f-83b2-1f782b2261cb","Playlist Name:","All Songs","Date Created:","Sun Oct 22 20:36:50 CDT 2017","Song ID's:","b2cc60a9-6172-4f44-acd0-0261b8b682a0","c28b093c-0245-4de0-9a91-a069a4ae1655","11b35eab-a5e9-4068-8049-5f66a3ca59fd","0c947f33-8a2f-408d-9560-1a8812865b31","a5bb8e42-9e3b-4c66-a24b-d7a70a80aec3","6f009fc7-8ab5-4e41-b870-67c472ad8662","43002f81-af87-4686-baa5-698de1f9ed85","238f8d17-f6db-4a5a-b7a0-8ba6023dfe52","77822265-5934-4c9d-8083-431fabbed765","01ac6b16-48e3-47bf-8fa2-f7e2ba90f5dc","226faec5-9bf4-4749-8fd2-c2854965d404","665a2398-e169-47cc-94bb-3b3a785d2dd9","ca07b908-02f2-4b59-9474-9e3144da60ba","a373cc61-bcd0-45e1-b4bc-5055422c0dc6","696cecf9-9bfc-43b9-9681-0c664a8a388f","82f14fdd-2c21-4bde-bd9f-3cdf0bd85dc4","b8aba515-20c5-408f-87b8-78b4cb1b404f","111e83d7-774e-43ea-94a9-2848cbd765da","a009c4db-ed11-43db-9802-05201a61ce39","c3b402f6-4f8d-4f12-aedb-0d54859fb35b","2c5e5607-34a8-4b90-9fc3-75e84e19fcf9","9cbac447-5ec6-459c-8609-8749924f3593","e1db8b33-526c-439e-ab78-c4043c046b4e"
"Playlist ID:","537b8b53-1cd2-4e45-8fcb-442a23d9692f","Playlist Name:","All Songs","Date Created:","Sun Oct 22 20:37:27 CDT 2017","Song ID's:","b2cc60a9-6172-4f44-acd0-0261b8b682a0","c28b093c-0245-4de0-9a91-a069a4ae1655","11b35eab-a5e9-4068-8049-5f66a3ca59fd","0c947f33-8a2f-408d-9560-1a8812865b31","a5bb8e42-9e3b-4c66-a24b-d7a70a80aec3","6f009fc7-8ab5-4e41-b870-67c472ad8662","43002f81-af87-4686-baa5-698de1f9ed85","238f8d17-f6db-4a5a-b7a0-8ba6023dfe52","77822265-5934-4c9d-8083-431fabbed765","01ac6b16-48e3-47bf-8fa2-f7e2ba90f5dc","226faec5-9bf4-4749-8fd2-c2854965d404","665a2398-e169-47cc-94bb-3b3a785d2dd9","ca07b908-02f2-4b59-9474-9e3144da60ba","a373cc61-bcd0-45e1-b4bc-5055422c0dc6","696cecf9-9bfc-43b9-9681-0c664a8a388f","82f14fdd-2c21-4bde-bd9f-3cdf0bd85dc4","b8aba515-20c5-408f-87b8-78b4cb1b404f","111e83d7-774e-43ea-94a9-2848cbd765da","a009c4db-ed11-43db-9802-05201a61ce39","c3b402f6-4f8d-4f12-aedb-0d54859fb35b","2c5e5607-34a8-4b90-9fc3-75e84e19fcf9","9cbac447-5ec6-459c-8609-8749924f3593","e1db8b33-526c-439e-ab78-c4043c046b4e"
"Playlist ID:","adba0ccc-f6f4-42d6-9c8c-a8d1018a9857","Playlist Name:","All Songs","Date Created:","Sun Oct 22 20:37:57 CDT 2017","Song ID's:","b2cc60a9-6172-4f44-acd0-0261b8b682a0","c28b093c-0245-4de0-9a91-a069a4ae1655","11b35eab-a5e9-4068-8049-5f66a3ca59fd","0c947f33-8a2f-408d-9560-1a8812865b31","a5bb8e42-9e3b-4c66-a24b-d7a70a80aec3","6f009fc7-8ab5-4e41-b870-67c472ad8662","43002f81-af87-4686-baa5-698de1f9ed85","238f8d17-f6db-4a5a-b7a0-8ba6023dfe52","77822265-5934-4c9d-8083-431fabbed765","01ac6b16-48e3-47bf-8fa2-f7e2ba90f5dc","226faec5-9bf4-4749-8fd2-c2854965d404","665a2398-e169-47cc-94bb-3b3a785d2dd9","ca07b908-02f2-4b59-9474-9e3144da60ba","a373cc61-bcd0-45e1-b4bc-5055422c0dc6","696cecf9-9bfc-43b9-9681-0c664a8a388f","82f14fdd-2c21-4bde-bd9f-3cdf0bd85dc4","b8aba515-20c5-408f-87b8-78b4cb1b404f","111e83d7-774e-43ea-94a9-2848cbd765da","a009c4db-ed11-43db-9802-05201a61ce39","c3b402f6-4f8d-4f12-aedb-0d54859fb35b","2c5e5607-34a8-4b90-9fc3-75e84e19fcf9","9cbac447-5ec6-459c-8609-8749924f3593","e1db8b33-526c-439e-ab78-c4043c046b4e"
"Playlist ID:","156a6266-6eb7-430f-83cc-8c19daf41da0","Playlist Name:","All Songs","Date Created:","Sun Oct 22 20:38:44 CDT 2017","Song ID's:","b2cc60a9-6172-4f44-acd0-0261b8b682a0","c28b093c-0245-4de0-9a91-a069a4ae1655","11b35eab-a5e9-4068-8049-5f66a3ca59fd","0c947f33-8a2f-408d-9560-1a8812865b31","a5bb8e42-9e3b-4c66-a24b-d7a70a80aec3","6f009fc7-8ab5-4e41-b870-67c472ad8662","43002f81-af87-4686-baa5-698de1f9ed85","238f8d17-f6db-4a5a-b7a0-8ba6023dfe52","77822265-5934-4c9d-8083-431fabbed765","01ac6b16-48e3-47bf-8fa2-f7e2ba90f5dc","226faec5-9bf4-4749-8fd2-c2854965d404","665a2398-e169-47cc-94bb-3b3a785d2dd9","ca07b908-02f2-4b59-9474-9e3144da60ba","a373cc61-bcd0-45e1-b4bc-5055422c0dc6","696cecf9-9bfc-43b9-9681-0c664a8a388f","82f14fdd-2c21-4bde-bd9f-3cdf0bd85dc4","b8aba515-20c5-408f-87b8-78b4cb1b404f","111e83d7-774e-43ea-94a9-2848cbd765da","a009c4db-ed11-43db-9802-05201a61ce39","c3b402f6-4f8d-4f12-aedb-0d54859fb35b","2c5e5607-34a8-4b90-9fc3-75e84e19fcf9","9cbac447-5ec6-459c-8609-8749924f3593","e1db8b33-526c-439e-ab78-c4043c046b4e"
"Playlist ID:","0c4a3d51-90bc-4de4-a41a-e8606ebbf914","Playlist Name:","All Songs","Date Created:","Sun Oct 22 20:40:03 CDT 2017","Song ID's:","b2cc60a9-6172-4f44-acd0-0261b8b682a0","c28b093c-0245-4de0-9a91-a069a4ae1655","11b35eab-a5e9-4068-8049-5f66a3ca59fd","0c947f33-8a2f-408d-9560-1a8812865b31","a5bb8e42-9e3b-4c66-a24b-d7a70a80aec3","6f009fc7-8ab5-4e41-b870-67c472ad8662","43002f81-af87-4686-baa5-698de1f9ed85","238f8d17-f6db-4a5a-b7a0-8ba6023dfe52","77822265-5934-4c9d-8083-431fabbed765","01ac6b16-48e3-47bf-8fa2-f7e2ba90f5dc","226faec5-9bf4-4749-8fd2-c2854965d404","665a2398-e169-47cc-94bb-3b3a785d2dd9","ca07b908-02f2-4b59-9474-9e3144da60ba","a373cc61-bcd0-45e1-b4bc-5055422c0dc6","696cecf9-9bfc-43b9-9681-0c664a8a388f","82f14fdd-2c21-4bde-bd9f-3cdf0bd85dc4","b8aba515-20c5-408f-87b8-78b4cb1b404f","111e83d7-774e-43ea-94a9-2848cbd765da","a009c4db-ed11-43db-9802-05201a61ce39","c3b402f6-4f8d-4f12-aedb-0d54859fb35b","2c5e5607-34a8-4b90-9fc3-75e84e19fcf9","9cbac447-5ec6-459c-8609-8749924f3593","e1db8b33-526c-439e-ab78-c4043c046b4e"
"Playlist ID:","4444c91d-3d36-4102-90d6-1d0f7c33c38f","Playlist Name:","All Songs","Date Created:","Sun Oct 22 20:40:31 CDT 2017","Song ID's:","b2cc60a9-6172-4f44-acd0-0261b8b682a0","c28b093c-0245-4de0-9a91-a069a4ae1655","11b35eab-a5e9-4068-8049-5f66a3ca59fd","0c947f33-8a2f-408d-9560-1a8812865b31","a5bb8e42-9e3b-4c66-a24b-d7a70a80aec3","6f009fc7-8ab5-4e41-b870-67c472ad8662","43002f81-af87-4686-baa5-698de1f9ed85","238f8d17-f6db-4a5a-b7a0-8ba6023dfe52","77822265-5934-4c9d-8083-431fabbed765","01ac6b16-48e3-47bf-8fa2-f7e2ba90f5dc","226faec5-9bf4-4749-8fd2-c2854965d404","665a2398-e169-47cc-94bb-3b3a785d2dd9","ca07b908-02f2-4b59-9474-9e3144da60ba","a373cc61-bcd0-45e1-b4bc-5055422c0dc6","696cecf9-9bfc-43b9-9681-0c664a8a388f","82f14fdd-2c21-4bde-bd9f-3cdf0bd85dc4","b8aba515-20c5-408f-87b8-78b4cb1b404f","111e83d7-774e-43ea-94a9-2848cbd765da","a009c4db-ed11-43db-9802-05201a61ce39","c3b402f6-4f8d-4f12-aedb-0d54859fb35b","2c5e5607-34a8-4b90-9fc3-75e84e19fcf9","9cbac447-5ec6-459c-8609-8749924f3593","e1db8b33-526c-439e-ab78-c4043c046b4e"
"Playlist ID:","9615f408-809a-440c-a04e-6a7d3dc5b08d","Playlist Name:","All Songs","Date Created:","Sun Oct 22 20:40:41 CDT 2017","Song ID's:","b2cc60a9-6172-4f44-acd0-0261b8b682a0","c28b093c-0245-4de0-9a91-a069a4ae1655","11b35eab-a5e9-4068-8049-5f66a3ca59fd","0c947f33-8a2f-408d-9560-1a8812865b31","a5bb8e42-9e3b-4c66-a24b-d7a70a80aec3","6f009fc7-8ab5-4e41-b870-67c472ad8662","43002f81-af87-4686-baa5-698de1f9ed85","238f8d17-f6db-4a5a-b7a0-8ba6023dfe52","77822265-5934-4c9d-8083-431fabbed765","01ac6b16-48e3-47bf-8fa2-f7e2ba90f5dc","226faec5-9bf4-4749-8fd2-c2854965d404","665a2398-e169-47cc-94bb-3b3a785d2dd9","ca07b908-02f2-4b59-9474-9e3144da60ba","a373cc61-bcd0-45e1-b4bc-5055422c0dc6","696cecf9-9bfc-43b9-9681-0c664a8a388f","82f14fdd-2c21-4bde-bd9f-3cdf0bd85dc4","b8aba515-20c5-408f-87b8-78b4cb1b404f","111e83d7-774e-43ea-94a9-2848cbd765da","a009c4db-ed11-43db-9802-05201a61ce39","c3b402f6-4f8d-4f12-aedb-0d54859fb35b","2c5e5607-34a8-4b90-9fc3-75e84e19fcf9","9cbac447-5ec6-459c-8609-8749924f3593","e1db8b33-526c-439e-ab78-c4043c046b4e"
"Playlist ID:","4b6f5792-b261-4fdc-b206-860b32980a5a","Playlist Name:","All Songs","Date Created:","Sun Oct 22 20:41:09 CDT 2017","Song ID's:","b2cc60a9-6172-4f44-acd0-0261b8b682a0","c28b093c-0245-4de0-9a91-a069a4ae1655","11b35eab-a5e9-4068-8049-5f66a3ca59fd","0c947f33-8a2f-408d-9560-1a8812865b31","a5bb8e42-9e3b-4c66-a24b-d7a70a80aec3","6f009fc7-8ab5-4e41-b870-67c472ad8662","43002f81-af87-4686-baa5-698de1f9ed85","238f8d17-f6db-4a5a-b7a0-8ba6023dfe52","77822265-5934-4c9d-8083-431fabbed765","01ac6b16-48e3-47bf-8fa2-f7e2ba90f5dc","226faec5-9bf4-4749-8fd2-c2854965d404","665a2398-e169-47cc-94bb-3b3a785d2dd9","ca07b908-02f2-4b59-9474-9e3144da60ba","a373cc61-bcd0-45e1-b4bc-5055422c0dc6","696cecf9-9bfc-43b9-9681-0c664a8a388f","82f14fdd-2c21-4bde-bd9f-3cdf0bd85dc4","b8aba515-20c5-408f-87b8-78b4cb1b404f","111e83d7-774e-43ea-94a9-2848cbd765da","a009c4db-ed11-43db-9802-05201a61ce39","c3b402f6-4f8d-4f12-aedb-0d54859fb35b","2c5e5607-34a8-4b90-9fc3-75e84e19fcf9","9cbac447-5ec6-459c-8609-8749924f3593","e1db8b33-526c-439e-ab78-c4043c046b4e"
"Playlist ID:","a62dd68e-22bd-456b-ba45-7227ff39a3ce","Playlist Name:","All Songs","Date Created:","Sun Oct 22 20:41:42 CDT 2017","Song ID's:","b2cc60a9-6172-4f44-acd0-0261b8b682a0","c28b093c-0245-4de0-9a91-a069a4ae1655","11b35eab-a5e9-4068-8049-5f66a3ca59fd","0c947f33-8a2f-408d-9560-1a8812865b31","a5bb8e42-9e3b-4c66-a24b-d7a70a80aec3","6f009fc7-8ab5-4e41-b870-67c472ad8662","43002f81-af87-4686-baa5-698de1f9ed85","238f8d17-f6db-4a5a-b7a0-8ba6023dfe52","77822265-5934-4c9d-8083-431fabbed765","01ac6b16-48e3-47bf-8fa2-f7e2ba90f5dc","226faec5-9bf4-4749-8fd2-c2854965d404","665a2398-e169-47cc-94bb-3b3a785d2dd9","ca07b908-02f2-4b59-9474-9e3144da60ba","a373cc61-bcd0-45e1-b4bc-5055422c0dc6","696cecf9-9bfc-43b9-9681-0c664a8a388f","82f14fdd-2c21-4bde-bd9f-3cdf0bd85dc4","b8aba515-20c5-408f-87b8-78b4cb1b404f","111e83d7-774e-43ea-94a9-2848cbd765da","a009c4db-ed11-43db-9802-05201a61ce39","c3b402f6-4f8d-4f12-aedb-0d54859fb35b","2c5e5607-34a8-4b90-9fc3-75e84e19fcf9","9cbac447-5ec6-459c-8609-8749924f3593","e1db8b33-526c-439e-ab78-c4043c046b4e"
"Playlist ID:","9cd09996-c36f-4ecd-9073-1d3091a83eab","Playlist Name:","All Songs","Date Created:","Sun Oct 22 20:42:18 CDT 2017","Song ID's:","b2cc60a9-6172-4f44-acd0-0261b8b682a0","c28b093c-0245-4de0-9a91-a069a4ae1655","11b35eab-a5e9-4068-8049-5f66a3ca59fd","0c947f33-8a2f-408d-9560-1a8812865b31","a5bb8e42-9e3b-4c66-a24b-d7a70a80aec3","6f009fc7-8ab5-4e41-b870-67c472ad8662","43002f81-af87-4686-baa5-698de1f9ed85","238f8d17-f6db-4a5a-b7a0-8ba6023dfe52","77822265-5934-4c9d-8083-431fabbed765","01ac6b16-48e3-47bf-8fa2-f7e2ba90f5dc","226faec5-9bf4-4749-8fd2-c2854965d404","665a2398-e169-47cc-94bb-3b3a785d2dd9","ca07b908-02f2-4b59-9474-9e3144da60ba","a373cc61-bcd0-45e1-b4bc-5055422c0dc6","696cecf9-9bfc-43b9-9681-0c664a8a388f","82f14fdd-2c21-4bde-bd9f-3cdf0bd85dc4","b8aba515-20c5-408f-87b8-78b4cb1b404f","111e83d7-774e-43ea-94a9-2848cbd765da","a009c4db-ed11-43db-9802-05201a61ce39","c3b402f6-4f8d-4f12-aedb-0d54859fb35b","2c5e5607-34a8-4b90-9fc3-75e84e19fcf9","9cbac447-5ec6-459c-8609-8749924f3593","e1db8b33-526c-439e-ab78-c4043c046b4e"
"Playlist ID:","d3293c9e-06d7-4d17-801c-a2c7e8499449","Playlist Name:","All Songs","Date Created:","Sun Oct 22 20:42:37 CDT 2017","Song ID's:","b2cc60a9-6172-4f44-acd0-0261b8b682a0","c28b093c-0245-4de0-9a91-a069a4ae1655","11b35eab-a5e9-4068-8049-5f66a3ca59fd","0c947f33-8a2f-408d-9560-1a8812865b31","a5bb8e42-9e3b-4c66-a24b-d7a70a80aec3","6f009fc7-8ab5-4e41-b870-67c472ad8662","43002f81-af87-4686-baa5-698de1f9ed85","238f8d17-f6db-4a5a-b7a0-8ba6023dfe52","77822265-5934-4c9d-8083-431fabbed765","01ac6b16-48e3-47bf-8fa2-f7e2ba90f5dc","226faec5-9bf4-4749-8fd2-c2854965d404","665a2398-e169-47cc-94bb-3b3a785d2dd9","ca07b908-02f2-4b59-9474-9e3144da60ba","a373cc61-bcd0-45e1-b4bc-5055422c0dc6","696cecf9-9bfc-43b9-9681-0c664a8a388f","82f14fdd-2c21-4bde-bd9f-3cdf0bd85dc4","b8aba515-20c5-408f-87b8-78b4cb1b404f","111e83d7-774e-43ea-94a9-2848cbd765da","a009c4db-ed11-43db-9802-05201a61ce39","c3b402f6-4f8d-4f12-aedb-0d54859fb35b","2c5e5607-34a8-4b90-9fc3-75e84e19fcf9","9cbac447-5ec6-459c-8609-8749924f3593","e1db8b33-526c-439e-ab78-c4043c046b4e"
"Playlist ID:","97de7f05-fc57-49af-949c-aeed9ee12912","Playlist Name:","Balls","Date Created:","Sun Oct 22 20:46:23 CDT 2017","Song ID's:","b2cc60a9-6172-4f44-acd0-0261b8b682a0","c28b093c-0245-4de0-9a91-a069a4ae1655","11b35eab-a5e9-4068-8049-5f66a3ca59fd","0c947f33-8a2f-408d-9560-1a8812865b31","a5bb8e42-9e3b-4c66-a24b-d7a70a80aec3","6f009fc7-8ab5-4e41-b870-67c472ad8662","43002f81-af87-4686-baa5-698de1f9ed85","238f8d17-f6db-4a5a-b7a0-8ba6023dfe52","77822265-5934-4c9d-8083-431fabbed765","01ac6b16-48e3-47bf-8fa2-f7e2ba90f5dc","226faec5-9bf4-4749-8fd2-c2854965d404","665a2398-e169-47cc-94bb-3b3a785d2dd9","ca07b908-02f2-4b59-9474-9e3144da60ba","a373cc61-bcd0-45e1-b4bc-5055422c0dc6","696cecf9-9bfc-43b9-9681-0c664a8a388f","82f14fdd-2c21-4bde-bd9f-3cdf0bd85dc4","b8aba515-20c5-408f-87b8-78b4cb1b404f","111e83d7-774e-43ea-94a9-2848cbd765da","a009c4db-ed11-43db-9802-05201a61ce39","c3b402f6-4f8d-4f12-aedb-0d54859fb35b","2c5e5607-34a8-4b90-9fc3-75e84e19fcf9","9cbac447-5ec6-459c-8609-8749924f3593","e1db8b33-526c-439e-ab78-c4043c046b4e"
"Playlist ID:","1926d596-eafa-4aad-976b-1a1f584bf84c","Playlist Name:","Balls","Date Created:","Sun Oct 22 20:47:08 CDT 2017","Song ID's:","b2cc60a9-6172-4f44-acd0-0261b8b682a0","c28b093c-0245-4de0-9a91-a069a4ae1655","11b35eab-a5e9-4068-8049-5f66a3ca59fd","0c947f33-8a2f-408d-9560-1a8812865b31","a5bb8e42-9e3b-4c66-a24b-d7a70a80aec3","6f009fc7-8ab5-4e41-b870-67c472ad8662","43002f81-af87-4686-baa5-698de1f9ed85","238f8d17-f6db-4a5a-b7a0-8ba6023dfe52","77822265-5934-4c9d-8083-431fabbed765","01ac6b16-48e3-47bf-8fa2-f7e2ba90f5dc","226faec5-9bf4-4749-8fd2-c2854965d404","665a2398-e169-47cc-94bb-3b3a785d2dd9","ca07b908-02f2-4b59-9474-9e3144da60ba","a373cc61-bcd0-45e1-b4bc-5055422c0dc6","696cecf9-9bfc-43b9-9681-0c664a8a388f","82f14fdd-2c21-4bde-bd9f-3cdf0bd85dc4","b8aba515-20c5-408f-87b8-78b4cb1b404f","111e83d7-774e-43ea-94a9-2848cbd765da","a009c4db-ed11-43db-9802-05201a61ce39","c3b402f6-4f8d-4f12-aedb-0d54859fb35b","2c5e5607-34a8-4b90-9fc3-75e84e19fcf9","9cbac447-5ec6-459c-8609-8749924f3593","e1db8b33-526c-439e-ab78-c4043c046b4e"
"Playlist ID:","60c07ece-0c16-4cba-83f6-b642637267ec","Playlist Name:","Dicks","Date Created:","Sun Oct 22 20:47:16 CDT 2017","Song ID's:"
"Playlist ID:","e713e364-0e12-44a6-a715-4f66a50f0492","Playlist Name:","balss","Date Created:","Sun Oct 22 20:49:11 CDT 2017","Song ID's:"
"Playlist ID:","278071e1-8fd0-4dad-95f4-319ab8dfdd4b","Playlist Name:","dicks","Date Created:","Sun Oct 22 20:49:08 CDT 2017","Song ID's:","b2cc60a9-6172-4f44-acd0-0261b8b682a0","c28b093c-0245-4de0-9a91-a069a4ae1655","11b35eab-a5e9-4068-8049-5f66a3ca59fd","0c947f33-8a2f-408d-9560-1a8812865b31","a5bb8e42-9e3b-4c66-a24b-d7a70a80aec3","6f009fc7-8ab5-4e41-b870-67c472ad8662","43002f81-af87-4686-baa5-698de1f9ed85","238f8d17-f6db-4a5a-b7a0-8ba6023dfe52","77822265-5934-4c9d-8083-431fabbed765","01ac6b16-48e3-47bf-8fa2-f7e2ba90f5dc","226faec5-9bf4-4749-8fd2-c2854965d404","665a2398-e169-47cc-94bb-3b3a785d2dd9","ca07b908-02f2-4b59-9474-9e3144da60ba","a373cc61-bcd0-45e1-b4bc-5055422c0dc6","696cecf9-9bfc-43b9-9681-0c664a8a388f","82f14fdd-2c21-4bde-bd9f-3cdf0bd85dc4","b8aba515-20c5-408f-87b8-78b4cb1b404f","111e83d7-774e-43ea-94a9-2848cbd765da","a009c4db-ed11-43db-9802-05201a61ce39","c3b402f6-4f8d-4f12-aedb-0d54859fb35b","2c5e5607-34a8-4b90-9fc3-75e84e19fcf9","9cbac447-5ec6-459c-8609-8749924f3593","e1db8b33-526c-439e-ab78-c4043c046b4e"
"Playlist ID:","53ef73d7-ee6d-4b90-a677-b4d2e298a732","Playlist Name:","Balls","Date Created:","Sun Oct 22 20:53:02 CDT 2017","Song ID's:","e610e291-4281-4542-89c7-27b3324e1b21","074dc2ca-58fb-471a-8de8-b1d206781f8f","3493398a-2c14-43b5-a927-9e4543ab6fcd","cb9c8e13-75a2-433d-8c95-dc91ba0de4dc","e9720c1b-c10e-4357-b2b4-51dd9f720c5d","a1c55188-125b-4e5b-b3e5-171362ce1841","ae7f71c9-5b77-4c00-b30c-a5d98cca047d","b2e17485-d28c-4ea4-9a15-5fb87fd681e5","d5c21fd6-c033-419e-8ce0-4ed89e316f58","c6913b8d-678d-4a71-b04c-a27bd23841a8","dca88add-2284-4008-a43d-4bb602b912fb","d2f3d4ea-5e14-4d6c-8f2c-898dab256466","65e08c75-ef03-40a7-8b38-2b01b0eebcd3","7a3705ae-3b3d-4fcd-bb8a-7e978c0b6f57","6034f044-4a8d-4eec-91f2-356b3a443f32","e5b66510-107f-4f12-9fc6-11969d951638","6d65f8f0-e647-40ca-a196-49be555f54ae","24da052f-3260-4a45-b577-c3f4481a3838","bf2f967c-25b6-4fac-916c-8b07777aaf8d","56090c80-d8e9-436c-8ac9-03d26733901f","97d310c5-ae99-4833-8639-dea9054d3e37","93c14221-105a-4075-8e2f-9c4d563966a9","50f8e46e-40af-4170-a995-13725607c2dc"
"Playlist ID:","05736040-b4fe-4e94-84df-38595eadcecc","Playlist Name:","All Songs","Date Created:","Sun Nov 05 09:27:34 CST 2017","Song ID's:","e610e291-4281-4542-89c7-27b3324e1b21","074dc2ca-58fb-471a-8de8-b1d206781f8f","3493398a-2c14-43b5-a927-9e4543ab6fcd","cb9c8e13-75a2-433d-8c95-dc91ba0de4dc","e9720c1b-c10e-4357-b2b4-51dd9f720c5d","a1c55188-125b-4e5b-b3e5-171362ce1841","ae7f71c9-5b77-4c00-b30c-a5d98cca047d","b2e17485-d28c-4ea4-9a15-5fb87fd681e5","d5c21fd6-c033-419e-8ce0-4ed89e316f58","c6913b8d-678d-4a71-b04c-a27bd23841a8","dca88add-2284-4008-a43d-4bb602b912fb","d2f3d4ea-5e14-4d6c-8f2c-898dab256466","65e08c75-ef03-40a7-8b38-2b01b0eebcd3","7a3705ae-3b3d-4fcd-bb8a-7e978c0b6f57","6034f044-4a8d-4eec-91f2-356b3a443f32","e5b66510-107f-4f12-9fc6-11969d951638","6d65f8f0-e647-40ca-a196-49be555f54ae","24da052f-3260-4a45-b577-c3f4481a3838","bf2f967c-25b6-4fac-916c-8b07777aaf8d","56090c80-d8e9-436c-8ac9-03d26733901f","97d310c5-ae99-4833-8639-dea9054d3e37","93c14221-105a-4075-8e2f-9c4d563966a9","50f8e46e-40af-4170-a995-13725607c2dc"
"Playlist ID:","e6597e37-d10b-439b-b5e1-26d143376f1a","Playlist Name:","All Songs","Date Created:","Sun Nov 05 09:35:58 CST 2017","Song ID's:","e610e291-4281-4542-89c7-27b3324e1b21","074dc2ca-58fb-471a-8de8-b1d206781f8f","3493398a-2c14-43b5-a927-9e4543ab6fcd","cb9c8e13-75a2-433d-8c95-dc91ba0de4dc","e9720c1b-c10e-4357-b2b4-51dd9f720c5d","a1c55188-125b-4e5b-b3e5-171362ce1841","ae7f71c9-5b77-4c00-b30c-a5d98cca047d","b2e17485-d28c-4ea4-9a15-5fb87fd681e5","d5c21fd6-c033-419e-8ce0-4ed89e316f58","c6913b8d-678d-4a71-b04c-a27bd23841a8","dca88add-2284-4008-a43d-4bb602b912fb","d2f3d4ea-5e14-4d6c-8f2c-898dab256466","65e08c75-ef03-40a7-8b38-2b01b0eebcd3","7a3705ae-3b3d-4fcd-bb8a-7e978c0b6f57","6034f044-4a8d-4eec-91f2-356b3a443f32","e5b66510-107f-4f12-9fc6-11969d951638","6d65f8f0-e647-40ca-a196-49be555f54ae","24da052f-3260-4a45-b577-c3f4481a3838","bf2f967c-25b6-4fac-916c-8b07777aaf8d","56090c80-d8e9-436c-8ac9-03d26733901f","97d310c5-ae99-4833-8639-dea9054d3e37","93c14221-105a-4075-8e2f-9c4d563966a9","50f8e46e-40af-4170-a995-13725607c2dc"
"Playlist ID:","dbeb45c5-56e5-4953-b06a-f9cbc7aa2ec4","Playlist Name:","All Songs","Date Created:","Sun Nov 05 11:13:45 CST 2017","Song ID's:","e610e291-4281-4542-89c7-27b3324e1b21","074dc2ca-58fb-471a-8de8-b1d206781f8f","3493398a-2c14-43b5-a927-9e4543ab6fcd","cb9c8e13-75a2-433d-8c95-dc91ba0de4dc","e9720c1b-c10e-4357-b2b4-51dd9f720c5d","a1c55188-125b-4e5b-b3e5-171362ce1841","ae7f71c9-5b77-4c00-b30c-a5d98cca047d","b2e17485-d28c-4ea4-9a15-5fb87fd681e5","d5c21fd6-c033-419e-8ce0-4ed89e316f58","c6913b8d-678d-4a71-b04c-a27bd23841a8","dca88add-2284-4008-a43d-4bb602b912fb","d2f3d4ea-5e14-4d6c-8f2c-898dab256466","65e08c75-ef03-40a7-8b38-2b01b0eebcd3","7a3705ae-3b3d-4fcd-bb8a-7e978c0b6f57","6034f044-4a8d-4eec-91f2-356b3a443f32","e5b66510-107f-4f12-9fc6-11969d951638","6d65f8f0-e647-40ca-a196-49be555f54ae","24da052f-3260-4a45-b577-c3f4481a3838","bf2f967c-25b6-4fac-916c-8b07777aaf8d","56090c80-d8e9-436c-8ac9-03d26733901f","97d310c5-ae99-4833-8639-dea9054d3e37","93c14221-105a-4075-8e2f-9c4d563966a9","50f8e46e-40af-4170-a995-13725607c2dc"
"Playlist ID:","d9dba1e0-4ddd-42fe-8797-c434a33bc85f","Playlist Name:","All Songs","Date Created:","Sun Nov 05 11:25:54 CST 2017","Song ID's:","e610e291-4281-4542-89c7-27b3324e1b21","074dc2ca-58fb-471a-8de8-b1d206781f8f","3493398a-2c14-43b5-a927-9e4543ab6fcd","cb9c8e13-75a2-433d-8c95-dc91ba0de4dc","e9720c1b-c10e-4357-b2b4-51dd9f720c5d","a1c55188-125b-4e5b-b3e5-171362ce1841","ae7f71c9-5b77-4c00-b30c-a5d98cca047d","b2e17485-d28c-4ea4-9a15-5fb87fd681e5","d5c21fd6-c033-419e-8ce0-4ed89e316f58","c6913b8d-678d-4a71-b04c-a27bd23841a8","dca88add-2284-4008-a43d-4bb602b912fb","d2f3d4ea-5e14-4d6c-8f2c-898dab256466","65e08c75-ef03-40a7-8b38-2b01b0eebcd3","7a3705ae-3b3d-4fcd-bb8a-7e978c0b6f57","6034f044-4a8d-4eec-91f2-356b3a443f32","e5b66510-107f-4f12-9fc6-11969d951638","6d65f8f0-e647-40ca-a196-49be555f54ae","24da052f-3260-4a45-b577-c3f4481a3838","bf2f967c-25b6-4fac-916c-8b07777aaf8d","56090c80-d8e9-436c-8ac9-03d26733901f","97d310c5-ae99-4833-8639-dea9054d3e37","93c14221-105a-4075-8e2f-9c4d563966a9","50f8e46e-40af-4170-a995-13725607c2dc"
